Class,Precision,Recall,F1-Score,Support
0,0.9636363636363636,0.954954954954955,0.9592760180995475,111
1,0.9315068493150684,0.9444444444444444,0.9379310344827586,72
macro avg,0.947571606475716,0.9496996996996997,0.9486035262911531,183
weighted avg,0.9509952432476574,0.9508196721311475,0.9508779917585158,183
